name,email
Dr. Oluwaseun Adeyemi,o.adeyemi@stateuniv.edu
Dr. Chidinma Okonkwo,c.okonkwo@stateuniv.edu
Prof. Emeka Nwachukwu,e.nwachukwu@stateuniv.edu
Dr. Aisha Mohammed,a.mohammed@stateuniv.edu
Dr. Tunde Bakare,t.bakare@stateuniv.edu
Prof. Ngozi Eze,n.eze@stateuniv.edu
Dr. Babatunde Oyelaran,b.oyelaran@stateuniv.edu
Dr. Funke Adebayo,f.adebayo@stateuniv.edu
Prof. Chukwuemeka Okoro,c.okoro@stateuniv.edu
Dr. Yetunde Adeleke,y.adeleke@stateuniv.edu
Dr. Ibrahim Musa,i.musa@stateuniv.edu
Prof. Grace Obi,g.obi@stateuniv.edu
Dr. Kayode Ogundimu,k.ogundimu@stateuniv.edu
Dr. Blessing Nwosu,b.nwosu@stateuniv.edu
Prof. Ahmed Bello,a.bello@stateuniv.edu
Dr. Olumide Fashola,o.fashola@stateuniv.edu
Dr. Stella Igwe,s.igwe@stateuniv.edu
Prof. Uche Okafor,u.okafor@stateuniv.edu
Dr. Damilola Ojo,d.ojo@stateuniv.edu
Dr. Hauwa Abdullahi,h.abdullahi@stateuniv.edu
Prof. John Okoye,j.okoye@stateuniv.edu
Dr. Temitope Akinwale,t.akinwale@stateuniv.edu
Dr. Ifeoma Chukwu,i.chukwu@stateuniv.edu
Prof. Musa Gambo,m.gambo@stateuniv.edu
Dr. Adeola Lawal,a.lawal@stateuniv.edu
Dr. Chinyere Umeh,c.umeh@stateuniv.edu
Prof. Olayinka Oni,o.oni@stateuniv.edu
Dr. Binta Suleiman,b.suleiman@stateuniv.edu
Dr. Femi Adegoke,f.adegoke@stateuniv.edu
Prof. Victoria Anyaegbu,v.anyaegbu@stateuniv.edu
Dr. Samuel Owolabi,s.owolabi@stateuniv.edu
Dr. Amina Yusuf,a.yusuf@stateuniv.edu
Prof. Oladipo Akinyemi,o.akinyemi@stateuniv.edu
Dr. Chioma Nnamdi,c.nnamdi@stateuniv.edu
Dr. Salihu Garba,s.garba@stateuniv.edu
Prof. Adaeze Igbo,a.igbo@stateuniv.edu
Dr. Kunle Adewole,k.adewole@stateuniv.edu
Dr. Folake Ogunleye,f.ogunleye@stateuniv.edu
Prof. Obinna Agu,o.agu@stateuniv.edu
Dr. Rashidat Abubakar,r.abubakar@stateuniv.edu
Dr. Tobi Olorunfemi,t.olorunfemi@stateuniv.edu
Prof. Nkechi Ani,n.ani@stateuniv.edu
Dr. Ayodele Ogundipe,a.ogundipe@stateuniv.edu
Dr. Fatima Dikko,f.dikko@stateuniv.edu
Prof. Chidi Obiora,c.obiora@stateuniv.edu
Dr. Bukola Sowemimo,b.sowemimo@stateuniv.edu
Dr. Maryam Hassan,m.hassan@stateuniv.edu
Prof. Ikenna Ezeh,i.ezeh@stateuniv.edu
Dr. Adewale Odunsi,a.odunsi@stateuniv.edu
Dr. Salamatu Aliyu,s.aliyu@stateuniv.edu
Prof. Nnamdi Achebe,n.achebe@stateuniv.edu
Dr. Olabisi Falade,o.falade@stateuniv.edu
Dr. Zainab Ibrahim,z.ibrahim@stateuniv.edu
Prof. Emmanuel Okafor,e.okafor@stateuniv.edu
Dr. Dolapo Ajayi,d.ajayi@stateuniv.edu
Dr. Hajiya Shehu,h.shehu@stateuniv.edu
Prof. Obioma Okeke,o.okeke@stateuniv.edu
Dr. Segun Adeyinka,s.adeyinka@stateuniv.edu
Dr. Comfort Udo,c.udo@stateuniv.edu
Prof. Aliyu Tanko,a.tanko@stateuniv.edu
Dr. Yinka Oladimmeji,y.oladimmeji@stateuniv.edu
Dr. Ebele Onwu,e.onwu@stateuniv.edu
Prof. Jide Akindele,j.akindele@stateuniv.edu
Dr. Halima Audu,h.audu@stateuniv.edu
Dr. Tochukwu Ibe,t.ibe@stateuniv.edu
Prof. Modupe Afolabi,m.afolabi@stateuniv.edu
Dr. Sani Danjuma,s.danjuma@stateuniv.edu
Dr. Nneka Azuka,n.azuka@stateuniv.edu
Prof. Fola Ogunnaike,f.ogunnaike@stateuniv.edu
Dr. Abubakar Sadiq,a.sadiq@stateuniv.edu
Dr. Adanna Ejiofor,a.ejiofor@stateuniv.edu
Prof. Olu Adeniyi,o.adeniyi@stateuniv.edu
Dr. Rahma Danladi,r.danladi@stateuniv.edu
Dr. Ugo Nweke,u.nweke@stateuniv.edu
Prof. Tunji Oyeleke,t.oyeleke@stateuniv.edu
Dr. Asabe Garba,a.garba@stateuniv.edu
Dr. Kelechi Onyema,k.onyema@stateuniv.edu
Prof. Ladi Kwankwaso,l.kwankwaso@stateuniv.edu
Dr. Yewande Ogunyemi,y.ogunyemi@stateuniv.edu
Dr. Chukwudi Nwankwo,c.nwankwo@stateuniv.edu
Prof. Tolulope Adesanya,t.adesanya@stateuniv.edu
Dr. Nafisa Jibril,n.jibril@stateuniv.edu
Dr. Ifeanyi Ugwu,i.ugwu@stateuniv.edu
Prof. Rotimi Fagbenle,r.fagbenle@stateuniv.edu
Dr. Maimuna Yaro,m.yaro@stateuniv.edu
Dr. Obafemi Awolowo,o.awolowo@stateuniv.edu
Prof. Chiamaka Ike,c.ike@stateuniv.edu
Dr. Kabiru Yaradua,k.yaradua@stateuniv.edu
Dr. Chizoba Oforma,c.oforma@stateuniv.edu
Prof. Ganiyu Sobamowo,g.sobamowo@stateuniv.edu
Dr. Hadiza Musa,h.musa@stateuniv.edu
Dr. Uche Anyanwu,u.anyanwu@stateuniv.edu
Prof. Wale Babalakin,w.babalakin@stateuniv.edu
Dr. Laraba Shittu,l.shittu@stateuniv.edu
Dr. Emeka Igbokwe,e.igbokwe@stateuniv.edu
Prof. Bola Osinbajo,b.osinbajo@stateuniv.edu
Dr. Zara Abubakar,z.abubakar@stateuniv.edu
Dr. Godwin Emefiele,g.emefiele@stateuniv.edu
Prof. Amara Okezie,a.okezie@stateuniv.edu
Dr. Nuhu Ribadu,n.ribadu@stateuniv.edu
Dr. Ifeakachukwu Eze,i.eze@stateuniv.edu
Prof. Shade Awoyemi,s.awoyemi@stateuniv.edu
Dr. Abdulrahman Danbatta,a.danbatta@stateuniv.edu
Dr. Ogechi Nwodo,o.nwodo@stateuniv.edu
Prof. Femi Otedola,f.otedola@stateuniv.edu
Dr. Khadija Saidu,k.saidu@stateuniv.edu
Dr. Chima Okwo,c.okwo@stateuniv.edu
Prof. Bimbo Ogunkelu,b.ogunkelu@stateuniv.edu
Dr. Fatimah Abubakar,f.abubakar@stateuniv.edu
Dr. Nonso Okonjo,n.okonjo@stateuniv.edu
Prof. Ojo Madueke,o.madueke@stateuniv.edu
Dr. Ruqayya Sambo,r.sambo@stateuniv.edu
Dr. Okwui Enwezor,o.enwezor@stateuniv.edu
Prof. Adenike Grange,a.grange@stateuniv.edu
Dr. Ishaq Modibbo,i.modibbo@stateuniv.edu
Dr. Chinwe Ohajuruka,c.ohajuruka@stateuniv.edu
Prof. Kayode Fayemi,k.fayemi@stateuniv.edu
Dr. Bilkisu Yusuf,b.yusuf@stateuniv.edu
Dr. Ike Ekweremadu,i.ekweremadu@stateuniv.edu
Prof. Nimota Akanbi,n.akanbi@stateuniv.edu
Dr. Usman Baba,u.baba@stateuniv.edu
Dr. Ogonna Nwankwo,o.nwankwo@stateuniv.edu
Prof. Deji Adeyanju,d.adeyanju@stateuniv.edu
Dr. Amira Bello,am.bello@stateuniv.edu
Dr. Chukwudumebi Ojukwu,c.ojukwu@stateuniv.edu
Prof. Lanre Tejuosho,l.tejuosho@stateuniv.edu
Dr. Safiya Abba,s.abba@stateuniv.edu
Dr. Ifeyinwa Nwobi,i.nwobi@stateuniv.edu
Prof. Remi Tinubu,r.tinubu@stateuniv.edu
Dr. Jamilu Gwandu,j.gwandu@stateuniv.edu
Dr. Adaobi Tricia,a.tricia@stateuniv.edu
Prof. Kayode Egbetokun,k.egbetokun@stateuniv.edu
Dr. Sakina Dangote,s.dangote@stateuniv.edu
Dr. Onyekachi Wabara,o.wabara@stateuniv.edu
Prof. Seyi Makinde,s.makinde@stateuniv.edu
Dr. Hauwa Saidu,hs.saidu@stateuniv.edu
Dr. Nnaemeka Achebe,n.a.achebe@stateuniv.edu
Prof. Titi Ajayi,t.ajayi@stateuniv.edu
Dr. Mohammed Sanusi,m.sanusi@stateuniv.edu
Dr. Uloma Mba,u.mba@stateuniv.edu
Prof. Wole Soyinka,w.soyinka@stateuniv.edu
Dr. Adama Indimi,a.indimi@stateuniv.edu
Dr. Ifeanyi Ubah,i.ubah@stateuniv.edu
Prof. Mosun Bello,m.bello@stateuniv.edu
Dr. Sadiya Umar,s.umar@stateuniv.edu
Dr. Ebere Onwudiwe,e.onwudiwe@stateuniv.edu
Prof. Dele Alake,d.alake@stateuniv.edu
Dr. Aishatu Bagudu,a.bagudu@stateuniv.edu
Dr. Ikechukwu Ihejirika,i.ihejirika@stateuniv.edu
Prof. Peju Akande,p.akande@stateuniv.edu
Dr. Yusuf Abubakar,y.abubakar@stateuniv.edu
Dr. Chidimma Aneke,c.aneke@stateuniv.edu
Prof. Biodun Adesanya,bi.adesanya@stateuniv.edu
Dr. Halimatu Sadiya,h.sadiya@stateuniv.edu
Dr. Oge Okonkwo,og.okonkwo@stateuniv.edu
Prof. Gbenga Ashafa,g.ashafa@stateuniv.edu
Dr. Maimunatu Yaro,m.m.yaro@stateuniv.edu
Dr. Uzoma Abonta,u.abonta@stateuniv.edu
Prof. Fela Durotoye,f.durotoye@stateuniv.edu
Dr. Sadiq Mohammed,s.mohammed@stateuniv.edu
Dr. Nkeiru Odigwe,n.odigwe@stateuniv.edu
Prof. Sunday Igboho,s.igboho@stateuniv.edu
Dr. Rabi Ajia,r.ajia@stateuniv.edu
Dr. Emem Isong,e.isong@stateuniv.edu
Prof. Babajide Sanwoolu,b.sanwoolu@stateuniv.edu
Dr. Maryam Uwais,m.uwais@stateuniv.edu
Dr. Obiajulu Ezekwesili,o.ezekwesili@stateuniv.edu
Prof. Dapo Olorunyomi,d.olorunyomi@stateuniv.edu
Dr. Asma'u Joda,a.joda@stateuniv.edu
Dr. Chibuike Amaechi,c.amaechi@stateuniv.edu
Prof. Oluremi Sonaiya,o.sonaiya@stateuniv.edu
Dr. Talatu Usman,t.usman@stateuniv.edu
Dr. Okey Enelamah,o.enelamah@stateuniv.edu
Prof. Modele Sarafa,m.sarafa@stateuniv.edu
Dr. Balkisu Aliyu,b.aliyu@stateuniv.edu
Dr. Chukwuma Soludo,c.soludo@stateuniv.edu
Prof. Joke Orelope,j.orelope@stateuniv.edu
Dr. Hassan Usman,h.usman@stateuniv.edu
Dr. Amarachi Okafor,am.okafor@stateuniv.edu
Prof. Kashim Ibrahim,ka.ibrahim@stateuniv.edu
Dr. Patience Ozokwor,p.ozokwor@stateuniv.edu
Dr. Kingsley Moghalu,k.moghalu@stateuniv.edu
Prof. Toyin Falola,t.falola@stateuniv.edu
Dr. Hussaina Faruk,h.faruk@stateuniv.edu
Dr. Azuka Ogujiuba,a.ogujiuba@stateuniv.edu
Prof. Niyi Osundare,n.osundare@stateuniv.edu
Dr. Sa'adatu Abdullahi,s.abdullahi@stateuniv.edu
Dr. Kanayo Awani,k.awani@stateuniv.edu
Prof. Ayo Oritsejafor,a.oritsejafor@stateuniv.edu
Dr. Lubabatu Ahmad,l.ahmad@stateuniv.edu
Dr. Obiora Okonkwo,ob.okonkwo@stateuniv.edu
Prof. Funso Williams,f.williams@stateuniv.edu
Dr. Zubaida Audu,z.audu@stateuniv.edu
Dr. Nedu Wazobia,n.wazobia@stateuniv.edu
Prof. Tola Akerele,t.akerele@stateuniv.edu
Dr. Farida Waziri,f.waziri@stateuniv.edu
Dr. Eze Onyekpere,e.onyekpere@stateuniv.edu
